{"cameraMode":{"drawMode":0,"name":"Shaded","section":"Shading Mode"},"sceneLighting":true,"audioPlay":false,"sceneViewState":{"m_AlwaysRefresh":false,"showFog":true,"showSkybox":true,"showFlares":true,"showImageEffects":true,"showParticleSystems":true,"showVisualEffectGraphs":true,"m_FxEnabled":true},"in2DMode":false,"pivot":{"x":6.999539375305176,"y":3.2041192054748537,"z":3.859994411468506},"rotation":{"x":0.005812820512801409,"y":0.9912042617797852,"z":0.04656168818473816,"w":-0.12374355643987656},"size":2.8729350566864015,"orthographic":false}