{"cameraMode":{"drawMode":0,"name":"Shaded","section":"Shading Mode"},"sceneLighting":true,"audioPlay":false,"sceneViewState":{"m_AlwaysRefresh":false,"showFog":true,"showSkybox":true,"showFlares":true,"showImageEffects":true,"showParticleSystems":true,"showVisualEffectGraphs":true,"m_FxEnabled":true},"in2DMode":false,"pivot":{"x":6.981201648712158,"y":2.3401031494140627,"z":2.8859822750091554},"rotation":{"x":0.005614574998617172,"y":-0.9929118156433106,"z":0.10664847493171692,"w":0.05226743966341019},"size":1.1623167991638184,"orthographic":false}